{
  "artifacts": [
    "X.npy",
    "y.npy",
    "model.json",
    "config.json"
  ],
  "catboost_version": "1.2.10",
  "feature_borders": [
    [
      -1.688692,
      -1.398426,
      -1.265464,
      -1.057556,
      -0.888044,
      -0.793307,
      -0.744878,
      -0.673331,
      -0.598666,
      -0.529463,
      -0.439006,
      -0.382155,
      -0.320548,
      -0.245761,
      -0.1861,
      -0.111514,
      -0.006252,
      0.122095,
      0.2665,
      0.329775,
      0.358381,
      0.511108,
      0.633556,
      0.748356,
      0.847083,
      0.950735,
      1.073863,
      1.207566,
      1.294276,
      1.412793,
      1.792673
    ],
    [
      -1.796963,
      -1.352856,
      -1.222825,
      -1.096709,
      -1.003135,
      -0.93251,
      -0.7521,
      -0.667017,
      -0.586283,
      -0.5112,
      -0.443908,
      -0.358931,
      -0.314294,
      -0.251266,
      -0.111653,
      -0.007765,
      0.115948,
      0.217744,
      0.298797,
      0.361543,
      0.41375,
      0.512605,
      0.563394,
      0.639366,
      0.729004,
      0.798306,
      0.984588,
      1.121923,
      1.317632,
      1.381446,
      1.621812
    ],
    [
      -1.92767,
      -1.52693,
      -1.339391,
      -1.250571,
      -1.168997,
      -1.088134,
      -1.025266,
      -0.86781,
      -0.779901,
      -0.698275,
      -0.608588,
      -0.480397,
      -0.349516,
      -0.26345,
      -0.167252,
      -0.123355,
      -0.016338,
      0.051843,
      0.125308,
      0.180607,
      0.256652,
      0.36418,
      0.476697,
      0.589155,
      0.700633,
      0.792802,
      0.853675,
      1.017181,
      1.247713,
      1.361459,
      1.704668
    ],
    [
      -1.752083,
      -1.480024,
      -1.312111,
      -1.185012,
      -0.999416,
      -0.769252,
      -0.654432,
      -0.579,
      -0.49617,
      -0.378606,
      -0.345665,
      -0.250201,
      -0.197756,
      -0.140384,
      -0.034013,
      0.044499,
      0.104046,
      0.141784,
      0.26001,
      0.345906,
      0.366023,
      0.443468,
      0.586647,
      0.74234,
      0.851173,
      1.011981,
      1.09884,
      1.23369,
      1.399809,
      1.566826,
      2.098673
    ]
  ],
  "features_for_select": [
    0,
    1,
    2,
    3
  ],
  "n_features": 4,
  "n_rows": 200,
  "note": "FEAT-05 (D-6.6-03) recursive feature selection partition oracle. Generated OFFLINE with catboost 1.2.10 (thread_count=1, seed pinned, Plain/No-bootstrap/random_strength=0). steps == features-to-eliminate so exactly ONE feature is eliminated per step (SHAP iterative-within-step and a single-batch elimination coincide). The Rust oracle trains the same config via cb_train::train and ranks via the Gate-C cb-model importances, asserting set/order equality of {selected,eliminated}. NEVER run in CI; CI reads the committed artifacts only.",
  "params": {
    "boost_from_average": true,
    "boosting_type": "Plain",
    "bootstrap_type": "No",
    "depth": 4,
    "iterations": 20,
    "l2_leaf_reg": 3.0,
    "leaf_estimation_iterations": 1,
    "leaf_estimation_method": "Gradient",
    "learning_rate": 0.1,
    "loss_function": "RMSE",
    "random_seed": 0,
    "random_strength": 0.0,
    "thread_count": 1,
    "verbose": false
  },
  "prediction_values_change": {
    "eliminated_features": [
      2,
      3
    ],
    "num_features_to_select": 2,
    "selected_features": [
      0,
      1
    ],
    "steps": 2
  },
  "requirement": "FEAT-05",
  "scenario": "feature_selection",
  "seed": 0,
  "shap_values": {
    "eliminated_features": [
      2,
      3
    ],
    "num_features_to_select": 2,
    "selected_features": [
      0,
      1
    ],
    "steps": 2
  },
  "thread_count": 1
}