iter	RMSE
0	3.727405094
1	3.578849364
2	3.424589753
3	3.291071686
4	3.150853797
5	3.002405101
6	2.868966888
7	2.745703266
8	2.648030617
9	2.5469145
